{
  "move_threshold": 0.005,
  "n_bets_total": 969,
  "n_bets_with_known_move": 969,
  "production_filter_by_movement": {
    "AGREE": {
      "n_bets": 207,
      "roi": 5.929586931124678,
      "profit": 1172.4111558495138,
      "win_rate": 0.7391304347826086,
      "avg_edge": 0.15378894394942336,
      "avg_odds": 1.4539999999999997,
      "total_wagered": 19772.22308177106
    },
    "NEUTRAL": {
      "n_bets": 19,
      "roi": 11.76980578676674,
      "profit": 201.4143936002111,
      "win_rate": 0.7368421052631579,
      "avg_edge": 0.14243827592990224,
      "avg_odds": 1.4231578947368422,
      "total_wagered": 1711.2805194004925
    },
    "DISAGREE": {
      "n_bets": 77,
      "roi": -1.218562548163021,
      "profit": -85.24408018370647,
      "win_rate": 0.6363636363636364,
      "avg_edge": 0.15053083027663836,
      "avg_odds": 1.4899480519480517,
      "total_wagered": 6995.462014831463
    },
    "UNKNOWN": {
      "n_bets": 0,
      "roi": 0,
      "profit": 0,
      "win_rate": 0,
      "total_wagered": 0
    },
    "ALL": {
      "n_bets": 303,
      "roi": 4.524677920682387,
      "profit": 1288.5814692660174,
      "win_rate": 0.7128712871287128,
      "avg_edge": 0.15224921640759054,
      "avg_odds": 1.461201320132013,
      "total_wagered": 28478.96561600302
    },
    "AGREE+NEUTRAL": {
      "n_bets": 226,
      "roi": 6.394792837118087,
      "profit": 1373.8255494497248,
      "win_rate": 0.7389380530973452,
      "avg_edge": 0.15283468424866714,
      "avg_odds": 1.4514070796460177,
      "total_wagered": 21483.503601171557
    },
    "AGREE_ONLY": {
      "n_bets": 207,
      "roi": 5.929586931124678,
      "profit": 1172.4111558495138,
      "win_rate": 0.7391304347826086,
      "avg_edge": 0.15378894394942336,
      "avg_odds": 1.4539999999999997,
      "total_wagered": 19772.22308177106
    },
    "NOT_DISAGREE": {
      "n_bets": 226,
      "roi": 6.394792837118087,
      "profit": 1373.8255494497248,
      "win_rate": 0.7389380530973452,
      "avg_edge": 0.15283468424866714,
      "avg_odds": 1.4514070796460177,
      "total_wagered": 21483.503601171557
    }
  },
  "full_pool_by_movement": {
    "AGREE": {
      "n_bets": 590,
      "roi": 6.59086007694729,
      "profit": 2706.553049365567,
      "win_rate": 0.5915254237288136,
      "avg_edge": 0.14027751098703556,
      "avg_odds": 2.24825593220339,
      "total_wagered": 41065.24820383033
    },
    "NEUTRAL": {
      "n_bets": 59,
      "roi": -1.4126110822039402,
      "profit": -48.46919692974035,
      "win_rate": 0.5423728813559322,
      "avg_edge": 0.12495375747576856,
      "avg_odds": 2.5293728813559317,
      "total_wagered": 3431.1777346471927
    },
    "DISAGREE": {
      "n_bets": 320,
      "roi": -17.232382299869958,
      "profit": -3112.683417706773,
      "win_rate": 0.428125,
      "avg_edge": 0.1233168673500356,
      "avg_odds": 2.545340625,
      "total_wagered": 18062.989571269332
    },
    "UNKNOWN": {
      "n_bets": 0,
      "roi": 0,
      "profit": 0,
      "win_rate": 0,
      "total_wagered": 0
    }
  },
  "edge_band_x_movement_favorites": {
    "0.05-0.10": {
      "AGREE": {
        "n_bets": 107,
        "roi": 1.847966855507819,
        "profit": 93.89463473805914,
        "win_rate": 0.7570093457943925,
        "avg_edge": 0.0708711564335329,
        "avg_odds": 1.4370373831775702,
        "total_wagered": 5080.969632015235
      },
      "NEUTRAL": {
        "n_bets": 10,
        "roi": 16.10506789930611,
        "profit": 59.11349371084741,
        "win_rate": 0.7,
        "avg_edge": 0.07752333149962021,
        "avg_odds": 1.5272999999999999,
        "total_wagered": 367.0490188581839
      },
      "DISAGREE": {
        "n_bets": 67,
        "roi": -0.2023977486157136,
        "profit": -5.17495506220094,
        "win_rate": 0.6716417910447762,
        "avg_edge": 0.0723355609499632,
        "avg_odds": 1.471805970149254,
        "total_wagered": 2556.8244200317013
      }
    },
    "0.10-0.15": {
      "AGREE": {
        "n_bets": 105,
        "roi": 3.9340007234030314,
        "profit": 383.9474429185915,
        "win_rate": 0.7714285714285715,
        "avg_edge": 0.1211419458593202,
        "avg_odds": 1.4193904761904759,
        "total_wagered": 9759.719682676245
      },
      "NEUTRAL": {
        "n_bets": 15,
        "roi": -0.601557490554419,
        "profit": -7.994732416599277,
        "win_rate": 0.6666666666666666,
        "avg_edge": 0.1306215172629243,
        "avg_odds": 1.4080000000000001,
        "total_wagered": 1329.005546790053
      },
      "DISAGREE": {
        "n_bets": 42,
        "roi": 2.507049687246722,
        "profit": 85.66199532957216,
        "win_rate": 0.6428571428571429,
        "avg_edge": 0.12139206052174238,
        "avg_odds": 1.4834761904761906,
        "total_wagered": 3416.844738472152
      }
    },
    "0.15-0.20": {
      "AGREE": {
        "n_bets": 71,
        "roi": 3.4616424750880483,
        "profit": 238.313028047682,
        "win_rate": 0.6619718309859155,
        "avg_edge": 0.1730294125133846,
        "avg_odds": 1.4677464788732395,
        "total_wagered": 6884.391723371733
      },
      "NEUTRAL": {
        "n_bets": 3,
        "roi": 55.27576889527751,
        "profit": 129.14346244606125,
        "win_rate": 1.0,
        "avg_edge": 0.18176784813319172,
        "avg_odds": 1.46,
        "total_wagered": 233.63485488683023
      },
      "DISAGREE": {
        "n_bets": 28,
        "roi": 2.212029474656138,
        "profit": 60.965881426119864,
        "win_rate": 0.6785714285714286,
        "avg_edge": 0.17481518412845182,
        "avg_odds": 1.4835714285714285,
        "total_wagered": 2756.1061968035965
      }
    },
    "0.20-0.25": {
      "AGREE": {
        "n_bets": 31,
        "roi": 17.587309594887426,
        "profit": 550.1506848832403,
        "win_rate": 0.8064516129032258,
        "avg_edge": 0.22030060625328088,
        "avg_odds": 1.5397419354838713,
        "total_wagered": 3128.1116757230866
      },
      "NEUTRAL": {
        "n_bets": 1,
        "roi": 54.0,
        "profit": 80.26566357074918,
        "win_rate": 1.0,
        "avg_edge": 0.20170093932470157,
        "avg_odds": 1.54,
        "total_wagered": 148.6401177236096
      },
      "DISAGREE": {
        "n_bets": 7,
        "roi": -28.19073963899013,
        "profit": -231.8719569393985,
        "win_rate": 0.42857142857142855,
        "avg_edge": 0.22822603339876027,
        "avg_odds": 1.554285714285714,
        "total_wagered": 822.5110795557147
      }
    },
    "0.25-0.30": {
      "AGREE": {
        "n_bets": 10,
        "roi": 25.10847584718907,
        "profit": 254.48183013532702,
        "win_rate": 0.8,
        "avg_edge": 0.2671219189827344,
        "avg_odds": 1.5939999999999999,
        "total_wagered": 1013.5295813418186
      },
      "NEUTRAL": {
        "n_bets": 2,
        "roi": 47.74996229793855,
        "profit": 77.852407306343,
        "win_rate": 1.0,
        "avg_edge": 0.2842949907235622,
        "avg_odds": 1.51,
        "total_wagered": 163.04181942716218
      },
      "DISAGREE": {
        "n_bets": 1,
        "roi": 95.19999999999999,
        "profit": 113.03961154711094,
        "win_rate": 1.0,
        "avg_edge": 0.26072736787022494,
        "avg_odds": 1.952,
        "total_wagered": 118.73908775957032
      }
    }
  },
  "strategy_candidates": {
    "CURRENT (fav, 10-25%, all moves)": {
      "n_bets": 303,
      "roi": 4.524677920682387,
      "profit": 1288.5814692660174,
      "win_rate": 0.7128712871287128,
      "avg_edge": 0.15224921640759054,
      "avg_odds": 1.461201320132013,
      "total_wagered": 28478.96561600302
    },
    "fav, 10-25%, NOT_DISAGREE (AGREE+NEUTRAL+UNKNOWN)": {
      "n_bets": 226,
      "roi": 6.394792837118087,
      "profit": 1373.8255494497248,
      "win_rate": 0.7389380530973452,
      "avg_edge": 0.15283468424866714,
      "avg_odds": 1.4514070796460177,