{
  "window_start_year": 2019,
  "window_end_year": 2025,
  "odds_source": "opening",
  "kelly_frac": 0.25,
  "max_bet_pct": 0.1,
  "total_bets_all_edges": 969,
  "wf_summary": {
    "total_bets": 969,
    "overall_roi": -0.7266684983655564,
    "overall_profit": -454.5995652709464,
    "win_rate": 0.5345717234262126,
    "avg_edge": 0.13374344760106574,
    "profitable_years": 1,
    "total_years": 7,
    "real_odds_pct": 100.0
  },
  "edge_band_sweep": {
    "0.05-0.10": {
      "n_bets": 346,
      "roi": 2.6059358303786455,
      "profit": 319.1959417069246,
      "win_rate": 0.5404624277456648,
      "avg_edge": 0.07267766920921408,
      "avg_odds": 2.3496156069364162,
      "total_wagered": 12248.802828753656
    },
    "0.10-0.15": {
      "n_bets": 285,
      "roi": 4.196739645360652,
      "profit": 838.8476961321746,
      "win_rate": 0.5614035087719298,
      "avg_edge": 0.12199049216734391,
      "avg_odds": 2.3414807017543855,
      "total_wagered": 19988.080439049663
    },
    "0.15-0.20": {
      "n_bets": 193,
      "roi": -1.8653739929548157,
      "profit": -305.1641600313982,
      "win_rate": 0.5284974093264249,
      "avg_edge": 0.1713643716090372,
      "avg_odds": 2.3324870466321244,
      "total_wagered": 16359.408954126555
    },
    "0.20-0.25": {
      "n_bets": 87,
      "roi": -5.198574001997476,
      "profit": -424.1025890298425,
      "win_rate": 0.47126436781609193,
      "avg_edge": 0.2224168438278628,
      "avg_odds": 2.45232183908046,
      "total_wagered": 8158.056206699901
    },
    "0.25-0.30": {
      "n_bets": 37,
      "roi": -13.242353185890316,
      "profit": -502.00204326364167,
      "win_rate": 0.5135135135135135,
      "avg_edge": 0.27064184633743743,
      "avg_odds": 2.386,
      "total_wagered": 3790.8824528145283
    },
    "0.30-0.40": {
      "n_bets": 19,
      "roi": -23.11608934919736,
      "profit": -447.75311873792725,
      "win_rate": 0.42105263157894735,
      "avg_edge": 0.33542538111809234,
      "avg_odds": 2.3221052631578942,
      "total_wagered": 1936.9760688066997
    },
    "0.05-0.30": {
      "n_bets": 948,
      "roi": -0.12094289413012169,
      "profit": -73.22515448578292,
      "win_rate": 0.5369198312236287,
      "avg_edge": 0.1290623431035174,
      "avg_odds": 2.354528481012658,
      "total_wagered": 60545.230881444295
    },
    "0.15-0.30": {
      "n_bets": 317,
      "roi": -4.349490154386721,
      "profit": -1231.2687923248825,
      "win_rate": 0.5110410094637224,
      "avg_edge": 0.19696320961531052,
      "avg_odds": 2.371621451104101,
      "total_wagered": 28308.34761364098
    },
    "0.15-1.00": {
      "n_bets": 338,
      "roi": -5.31829990398811,
      "profit": -1612.643203110047,
      "win_rate": 0.5059171597633136,
      "avg_edge": 0.2061646062466024,
      "avg_odds": 2.396224852071006,
      "total_wagered": 30322.53224194354
    },
    "0.10-1.00": {
      "n_bets": 623,
      "roi": -1.538036342121914,
      "profit": -773.7955069778716,
      "win_rate": 0.5313001605136437,
      "avg_edge": 0.167657989051436,
      "avg_odds": 2.371181380417336,
      "total_wagered": 50310.612680993196
    }
  },
  "year_stability_current_band": {
    "2019": {
      "n_bets": 63,
      "roi": -12.994200535245287,
      "profit": -513.3541193923072,
      "win_rate": 0.5396825396825397,
      "avg_edge": 0.20663034155069446,
      "avg_odds": 1.9117460317460317,
      "total_wagered": 3950.6402721729028
    },
    "2020": {
      "n_bets": 28,
      "roi": -4.904494927904126,
      "profit": -110.29067270714397,
      "win_rate": 0.4642857142857143,
      "avg_edge": 0.20158643622726719,
      "avg_odds": 2.814285714285714,
      "total_wagered": 2248.7671886384296
    },
    "2021": {
      "n_bets": 49,
      "roi": -17.59576248635712,
      "profit": -480.91387962981116,
      "win_rate": 0.46938775510204084,
      "avg_edge": 0.19403259676794596,
      "avg_odds": 2.1104081632653062,
      "total_wagered": 2733.1232733033753
    },
    "2022": {
      "n_bets": 45,
      "roi": 11.69877684405976,
      "profit": 471.4979574767369,
      "win_rate": 0.5333333333333333,
      "avg_edge": 0.1950889240242541,
      "avg_odds": 3.196222222222222,
      "total_wagered": 4030.318415007185
    },
    "2023": {
      "n_bets": 50,
      "roi": -1.215339498525279,
      "profit": -57.14563961217105,
      "win_rate": 0.54,
      "avg_edge": 0.20316158605942142,
      "avg_odds": 2.09188,
      "total_wagered": 4702.030970071563
    },
    "2024": {
      "n_bets": 36,
      "roi": 9.974499581259872,
      "profit": 532.9606058566972,
      "win_rate": 0.5833333333333334,
      "avg_edge": 0.19190487534023276,
      "avg_odds": 2.1141666666666663,
      "total_wagered": 5343.231522692383
    },
    "2025": {
      "n_bets": 46,
      "roi": -20.263683542399455,
      "profit": -1074.0230443168832,
      "win_rate": 0.43478260869565216,
      "avg_edge": 0.18308591474034702,
      "avg_odds": 2.7091304347826086,
      "total_wagered": 5300.235971755145
    }
  },
  "bet_side_breakdown_current_band": {
    "away": {
      "n_bets": 141,
      "roi": -6.357168831633622,
      "profit": -794.3465106698352,
      "win_rate": 0.49645390070921985,
      "avg_edge": 0.19181633644427795,
      "avg_odds": 2.6046950354609932,
      "total_wagered": 12495.287315905834
    },
    "home": {
      "n_bets": 176,
      "roi": -2.763046958833297,
      "profit": -436.92228165504656,
      "win_rate": 0.5227272727272727,
      "avg_edge": 0.20108655687164909,
      "avg_odds": 2.1848977272727272,
      "total_wagered": 15813.060297735152
    }
  },
  "role_breakdown_current_band": {
    "favorite": {
      "n_bets": 154,
      "roi": 8.332995612338962,
      "profit": 1272.3406124232347,
      "win_rate": 0.7077922077922078,
      "avg_edge": 0.19385945126336987,
      "avg_odds": 1.5012597402597403,
      "total_wagered": 15268.706136593122
    },
    "underdog": {
      "n_bets": 163,
      "roi": -19.19998651155344,
      "profit": -2503.6094047481174,
      "win_rate": 0.32515337423312884,
      "avg_edge": 0.19989559480671457,
      "avg_odds": 3.193926380368098,
      "total_wagered": 13039.641477047862
    }
  },
  "alternative_bands_by_role": {
    "0.15-0.30": {
      "favorite": {
        "n_bets": 154,
        "roi": 8.332995612338962,
        "profit": 1272.3406124232347,
        "win_rate": 0.7077922077922078,
        "avg_edge": 0.19385945126336987,
        "avg_odds": 1.5012597402597403,
        "total_wagered": 15268.706136593122
      },
      "underdog": {
        "n_bets": 163,
        "roi": -19.19998651155344,
        "profit": -2503.6094047481174,
        "win_rate": 0.32515337423312884,
        "avg_edge": 0.19989559480671457,
        "avg_odds": 3.193926380368098,
        "total_wagered": 13039.641477047862
      }
    },
    "0.20-0.30": {
      "favorite": {
        "n_bets": 52,
        "roi": 15.643836573275754,
        "profit": 843.9182405033717,
        "win_rate": 0.7692307692307693,
        "avg_edge": 0.23325266357908508,
        "avg_odds": 1.5589230769230769,
        "total_wagered": 5394.573361530961
      },
      "underdog": {
        "n_bets": 72,
        "roi": -27.00525210795659,
        "profit": -1770.0228727968558,
        "win_rate": 0.2777777777777778,
        "avg_edge": 0.23937326696384476,
        "avg_odds": 3.063472222222222,
        "total_wagered": 6554.365297983468
      }
    },
    "0.15-1.00": {
      "favorite": {
        "n_bets": 160,
        "roi": 7.348092970952123,
        "profit": 1164.0822587674566,
        "win_rate": 0.7,
        "avg_edge": 0.1993300999395706,
        "avg_odds": 1.5084,
        "total_wagered": 15841.964212608778
      },
      "underdog": {
        "n_bets": 178,
        "roi": -19.17552858598094,
        "profit": -2776.725461877503,
        "win_rate": 0.33146067415730335,
        "avg_edge": 0.2123079827023614,
        "avg_odds": 3.194269662921348,