{
  "window_start_year": 2019,
  "window_end_year": 2025,
  "odds_source": "opening",
  "kelly_frac": 0.25,
  "total_bets_all_edges": 997,
  "v3_leakage_caveat": "V3 analytical model was trained on 2019-2025. Applying it to bets in that window is evaluation-on-training. H4/H6 results may be optimistic; a full V2 build should use walk-forward V3.",
  "smart_money_merge_success": 1.0,
  "v3_merge_success": 1.0,
  "results": [
    {
      "n_bets": 301,
      "win_rate": 0.5348837209302325,
      "roi": 2.8598084585511967,
      "profit": 888.7958520208856,
      "avg_edge": 0.2013318203298489,
      "avg_odds": 2.411764119601329,
      "wilson_low": 0.4784509813056719,
      "wilson_high": 0.5904372863244605,
      "roi_ci_low": -10.024840976011106,
      "roi_ci_high": 14.171448557443087,
      "profitable_years": 3,
      "total_years": 7,
      "holdout_n": 91,
      "holdout_roi": 10.452524028377347,
      "filter": "BASELINE: current prod (15-30%)"
    },
    {
      "n_bets": 997,
      "win_rate": 0.5255767301905717,
      "roi": 0.9010996172475481,
      "profit": 640.7317493480782,
      "avg_edge": 0.13407853551180451,
      "avg_odds": 2.4460200601805417,
      "wilson_low": 0.49454223811963405,
      "wilson_high": 0.5564148835608507,
      "roi_ci_low": -6.38016649565241,
      "roi_ci_high": 8.281249038947287,
      "profitable_years": 4,
      "total_years": 7,
      "holdout_n": 300,
      "holdout_roi": 5.640469057602376,
      "filter": "REF: all edge>=5%"
    },
    {
      "n_bets": 143,
      "win_rate": 0.7202797202797203,
      "roi": 7.894929964757017,
      "profit": 1350.0594525936533,
      "avg_edge": 0.1979768780783529,
      "avg_odds": 1.495041958041958,
      "wilson_low": 0.6416887773064188,
      "wilson_high": 0.787345369493555,
      "roi_ci_low": -3.1325023639952754,
      "roi_ci_high": 19.051098123462378,
      "profitable_years": 5,
      "total_years": 7,
      "holdout_n": 43,
      "holdout_roi": 11.31439760554441,
      "filter": "H1a: favorites only (15-30%)"
    },
    {
      "n_bets": 478,
      "win_rate": 0.7133891213389121,
      "roi": 1.6128214982813187,
      "profit": 663.5423322503151,
      "avg_edge": 0.1250567238890234,
      "avg_odds": 1.4554016736401674,
      "wilson_low": 0.6712777063859136,
      "wilson_high": 0.7520980664238598,
      "roi_ci_low": -4.36487592416763,
      "roi_ci_high": 7.661680483756631,
      "profitable_years": 3,
      "total_years": 7,
      "holdout_n": 144,
      "holdout_roi": 3.006316680395003,
      "filter": "H1b: favorites only (5-30%)"
    },
    {
      "n_bets": 665,
      "win_rate": 0.5203007518796993,
      "roi": -2.7957444146664647,
      "profit": -1020.8458135273041,
      "avg_edge": 0.09396970989249703,
      "avg_odds": 2.435941353383458,
      "wilson_low": 0.48232243863824387,
      "wilson_high": 0.5580458723327995,
      "roi_ci_low": -10.183566083246653,
      "roi_ci_high": 4.065477334464425,
      "profitable_years": 3,
      "total_years": 7,
      "holdout_n": 200,
      "holdout_roi": -0.24791805715337045,
      "filter": "H2a: edge 5-15% (any role)"
    },
    {
      "n_bets": 440,
      "win_rate": 0.5431818181818182,
      "roi": 1.9873850401803346,
      "profit": 738.6607228360249,
      "avg_edge": 0.14005033895903127,
      "avg_odds": 2.3878363636363633,
      "wilson_low": 0.4964641779688141,
      "wilson_high": 0.5891519789827415,
      "roi_ci_low": -6.953039522999919,
      "roi_ci_high": 12.111977866593397,
      "profitable_years": 4,
      "total_years": 7,
      "holdout_n": 132,
      "holdout_roi": 4.503927175350425,
      "filter": "H2b: edge 10-20% (any role)"
    },
    {
      "n_bets": 98,
      "win_rate": 0.6326530612244898,
      "roi": 8.429099660664706,
      "profit": 703.5438225823517,
      "avg_edge": 0.14437602534087884,
      "avg_odds": 1.681571428571429,
      "wilson_low": 0.5338875533526599,
      "wilson_high": 0.7214112247783229,
      "roi_ci_low": -9.065640406700819,
      "roi_ci_high": 24.883542448097675,
      "profitable_years": 4,
      "total_years": 7,
      "holdout_n": 30,
      "holdout_roi": 0.2850231178471859,
      "filter": "H3: sweet-spot (1.5-2.0 odds, 10-20% edge)"
    },
    {
      "n_bets": 159,
      "win_rate": 0.7232704402515723,
      "roi": 14.013899249011533,
      "profit": 2617.2474744698015,
      "avg_edge": 0.20318092983561747,
      "avg_odds": 1.6053396226415095,
      "wilson_low": 0.6490881232590551,
      "wilson_high": 0.7869187788786776,
      "roi_ci_low": 2.121475356256168,
      "roi_ci_high": 26.361865958367193,
      "profitable_years": 4,
      "total_years": 7,
      "holdout_n": 48,
      "holdout_roi": 27.1796041135589,
      "filter": "H4a: V3 agrees (15-30%)"
    },
    {
      "n_bets": 521,
      "win_rate": 0.7120921305182342,
      "roi": 6.563668692194177,
      "profit": 2864.3203411352633,
      "avg_edge": 0.12734388434801694,
      "avg_odds": 1.5578886756238006,
      "wilson_low": 0.6717714189070184,
      "wilson_high": 0.7493081209917188,
      "roi_ci_low": 0.7336733245594214,
      "roi_ci_high": 12.81798139548443,
      "profitable_years": 4,
      "total_years": 7,
      "holdout_n": 157,
      "holdout_roi": 10.02967284394029,
      "filter": "H4b: V3 agrees (5-30%)"
    },
    {
      "n_bets": 211,
      "win_rate": 0.5781990521327014,
      "roi": 13.059995061155194,
      "profit": 2865.3433108433346,
      "avg_edge": 0.20289219756633098,
      "avg_odds": 2.3660473933649286,
      "wilson_low": 0.5107499038474406,
      "wilson_high": 0.6428517342215956,
      "roi_ci_low": -0.7937983615220139,
      "roi_ci_high": 27.485929235212517,
      "profitable_years": 5,
      "total_years": 7,
      "holdout_n": 64,
      "holdout_roi": 27.336150620902334,
      "filter": "H5a: smart-money aligned (15-30%)"
    },
    {
      "n_bets": 622,
      "win_rate": 0.5755627009646302,
      "roi": 8.060525449782933,
      "profit": 3732.890573883487,
      "avg_edge": 0.13241091280748477,
      "avg_odds": 2.3060562700964633,
      "wilson_low": 0.53637311226394,
      "wilson_high": 0.6138246713362855,
      "roi_ci_low": -0.1877527317808623,
      "roi_ci_high": 15.824667943084034,
      "profitable_years": 4,
      "total_years": 7,
      "holdout_n": 187,
      "holdout_roi": 16.183663432120404,
      "filter": "H5b: smart-money aligned (5-30%)"
    },
    {
      "n_bets": 315,
      "win_rate": 0.7428571428571429,
      "roi": 2.936170804085615,
      "profit": 859.4852795465655,
      "avg_edge": 0.12838984887050806,
      "avg_odds": 1.428111111111111,
      "wilson_low": 0.6918685997283813,
      "wilson_high": 0.7879937135539141,
      "roi_ci_low": -4.405020187789106,
      "roi_ci_high": 9.482444302081161,
      "profitable_years": 4,
      "total_years": 7,
      "holdout_n": 95,
      "holdout_roi": 5.501258756844119,
      "filter": "H6: composite (fav + V3 + smart$)"
    },
    {
      "n_bets": 449,
      "win_rate": 0.7238307349665924,
      "roi": 2.1818679655590505,
      "profit": 854.6000922258052,
      "avg_edge": 0.12475592855348687,
      "avg_odds": 1.4359910913140312,
      "wilson_low": 0.680708713767987,
      "wilson_high": 0.7631552392442911,
      "roi_ci_low": -4.158564253840483,
      "roi_ci_high": 8.476054797340094,
      "profitable_years": 4,
      "total_years": 7,
      "holdout_n": 135,
      "holdout_roi": 5.744454778907016,
      "filter": "H6b: fav + V3-agree (no smart$)"
    },
    {
      "filter": "H7: Kelly variants",
      "n_bets": 301,
      "roi": NaN,
      "note": "ROI is scale-invariant to Kelly fraction. Skipping here \u2014 requires bankroll re-simulation. Will revisit in full build if another hypothesis passes."
    }
  ],
  "passing_hypotheses": [],
  "runtime_sec": 21.38719868659973
}